strategy,seed,total_generated,delivered_to_gateway,delivery_rate_percent,latency_median_sec,latency_p95_sec,total_transmissions,total_bytes_sent_mb,avg_battery_drain_percent,duplicate_deliveries_at_gateway,time_to_first_cluster_sec
plain_flooding,1,810,778,96,615,998,47372305,8132,36.6,27822,208
plain_flooding,2,810,764,94.3,814,1013,48447698,8316.6,37.2,27836,184
plain_flooding,3,810,754,93.1,354,969,49877403,8562.02,38.3,18046,120
plain_flooding,4,810,739,91.2,387,728,48927953,8399.04,37.4,27461,256
plain_flooding,5,810,795,98.1,411,759,46864050,8044.75,36.3,33805,224
plain_flooding,6,810,790,97.5,582,868,48304268,8291.98,37.1,29010,152
plain_flooding,7,810,769,94.9,599,939,48352369,8300.23,37,25831,216
plain_flooding,8,810,597,73.7,636,1115,50319269,8637.88,38.5,23303,120
plain_flooding,9,810,648,80,262,807,48131398,8262.3,37,25652,152
plain_flooding,10,810,785,96.9,532,795,47765242,8199.45,36.8,28915,232
plain_flooding,11,810,766,94.6,643,823,48560035,8335.88,37.2,24834,240
plain_flooding,12,810,720,88.9,541,860,49614460,8516.89,37.9,27054,128
plain_flooding,13,810,745,92,404,752,48214434,8276.56,36.9,23355,160
plain_flooding,14,810,741,91.5,520,1152,49065278,8422.61,37.8,19659,160
plain_flooding,15,810,785,96.9,645,909,49089670,8426.8,37.6,30615,120
plain_flooding,16,810,736,90.9,624,906,47080253,8081.86,36.7,33664,168
plain_flooding,17,810,729,90,585,1116,48990878,8409.84,37.4,26071,152
plain_flooding,18,810,793,97.9,640,1010,49623612,8518.46,37.6,29607,168
plain_flooding,19,810,745,92,578,755,49355628,8472.46,37.9,28755,280
plain_flooding,20,810,767,94.7,390,821,48329858,8296.37,37.2,28933,168
plain_flooding,21,810,626,77.3,379,899,48291647,8289.81,37.2,31774,168
plain_flooding,22,810,726,89.6,593,844,46279692,7944.44,35.8,24974,440
plain_flooding,23,810,625,77.2,359,618,46405015,7965.95,35.8,29075,272
plain_flooding,24,810,713,88,491,1014,50767616,8714.84,38.6,29987,128
plain_flooding,25,810,787,97.2,445,851,49789161,8546.88,38,27713,224
plain_flooding,26,810,750,92.6,282,696,48443888,8315.94,37.1,24650,152
plain_flooding,27,810,743,91.7,596,728,46397633,7964.68,35.9,33957,208
plain_flooding,28,810,706,87.2,636,870,49421894,8483.83,37.7,21554,128
plain_flooding,29,810,767,94.7,516,764,47222960,8106.36,36.8,29333,160
plain_flooding,30,810,769,94.9,657,916,48412192,8310.5,37.1,38131,200
epidemic_ttl,1,810,777,95.9,644,1025,13309154,2284.67,15.9,18842,208
epidemic_ttl,2,810,708,87.4,731,1089,14619658,2509.63,16.7,18668,184
epidemic_ttl,3,810,726,89.6,435,1065,14166342,2431.81,16.7,11788,120
epidemic_ttl,4,810,736,90.9,509,960,13053305,2240.75,15.7,17219,256
epidemic_ttl,5,810,790,97.5,620,947,13324803,2287.35,16,21720,224
epidemic_ttl,6,810,762,94.1,620,859,14551350,2497.9,16.7,19797,152
epidemic_ttl,7,810,697,86,601,1012,13926177,2390.59,16.2,15229,216
epidemic_ttl,8,810,614,75.8,631,1110,14370572,2466.87,16.7,14724,120
epidemic_ttl,9,810,707,87.3,354,911,13765312,2362.97,16.1,17097,152
epidemic_ttl,10,810,758,93.6,580,1046,13919968,2389.52,16.3,20607,232
epidemic_ttl,11,810,713,88,646,887,14153108,2429.54,16.3,15958,240
epidemic_ttl,12,810,699,86.3,612,949,14349574,2463.27,16.6,17489,128
epidemic_ttl,13,810,700,86.4,394,1035,14050260,2411.89,16.1,14382,160
epidemic_ttl,14,810,667,82.3,517,1150,14285839,2452.33,16.7,12182,160
epidemic_ttl,15,810,763,94.2,641,908,13922934,2390.03,16.3,19329,120
epidemic_ttl,16,810,654,80.7,622,906,13599685,2334.54,16.4,21955,168
epidemic_ttl,17,810,705,87,620,1120,14596221,2505.61,16.6,15415,152
epidemic_ttl,18,810,778,96,641,1098,14115291,2423.05,16,19485,168
epidemic_ttl,19,810,722,89.1,663,822,14876533,2553.73,17,17200,280
epidemic_ttl,20,810,659,81.4,372,817,14518113,2492.2,16.7,19352,168
epidemic_ttl,21,810,587,72.5,418,1071,14053074,2412.37,16.5,19904,168
epidemic_ttl,22,810,673,83.1,605,938,13430347,2305.47,15.9,15115,440
epidemic_ttl,23,810,604,74.6,369,672,13601484,2334.85,15.9,18360,272
epidemic_ttl,24,810,613,75.7,505,1019,14350297,2463.39,16.5,17903,128
epidemic_ttl,25,810,765,94.4,420,886,14594069,2505.24,16.6,17398,224
epidemic_ttl,26,810,750,92.6,554,977,14314009,2457.16,16.4,15544,152
epidemic_ttl,27,810,725,89.5,533,776,13176253,2261.85,15.8,23568,208
epidemic_ttl,28,810,608,75.1,664,872,14787564,2538.45,16.8,13302,128
epidemic_ttl,29,810,759,93.7,531,813,13015590,2234.27,16,16525,160
epidemic_ttl,30,810,718,88.6,572,932,13401281,2300.48,15.9,23580,200
spray_and_wait,1,810,267,33,883,1104,7819,1.34,7.9,1882,272
spray_and_wait,2,810,329,40.6,949,1090,8122,1.39,7.9,2123,184
spray_and_wait,3,810,199,24.6,595,1157,6846,1.18,8.1,977,240
spray_and_wait,4,810,217,26.8,783,1124,7398,1.27,7.8,1511,304
spray_and_wait,5,810,342,42.2,741,1137,8686,1.49,7.9,2674,240
spray_and_wait,6,810,308,38,768,1101,7783,1.34,7.9,1805,152
spray_and_wait,7,810,303,37.4,901,1079,7651,1.31,7.7,1678,240
spray_and_wait,8,810,221,27.3,704,1100,7612,1.31,8,1721,248
spray_and_wait,9,810,244,30.1,587,909,7919,1.36,7.8,2005,216
spray_and_wait,10,810,368,45.4,802,1143,8021,1.38,7.8,1983,232
spray_and_wait,11,810,304,37.5,799,1148,7653,1.31,7.8,1679,344
spray_and_wait,12,810,213,26.3,658,1156,7545,1.3,7.9,1662,128
spray_and_wait,13,810,208,25.7,699,1089,7139,1.23,7.6,1261,264
spray_and_wait,14,810,214,26.4,760,1159,6944,1.19,8.1,1060,160
spray_and_wait,15,810,326,40.2,741,1100,8578,1.47,7.9,2582,224
spray_and_wait,16,810,230,28.4,674,1147,7533,1.29,8.1,1633,208
spray_and_wait,17,810,225,27.8,772,1134,7951,1.36,7.7,2056,208
spray_and_wait,18,810,380,46.9,740,1107,8511,1.46,7.5,2461,176
spray_and_wait,19,810,207,25.6,744,1131,7427,1.27,8,1550,280
spray_and_wait,20,810,328,40.5,688,1152,8103,1.39,7.9,2105,184
spray_and_wait,21,810,313,38.6,591,1139,8287,1.42,8,2304,224
spray_and_wait,22,810,262,32.3,789,991,7788,1.34,7.8,1856,504
spray_and_wait,23,810,213,26.3,700,1023,7667,1.32,7.7,1784,304
spray_and_wait,24,810,239,29.5,851,1066,8142,1.4,7.8,2233,192
spray_and_wait,25,810,378,46.7,745,1168,8740,1.5,7.8,2692,224
spray_and_wait,26,810,232,28.6,687,1156,7356,1.26,7.7,1454,152
spray_and_wait,27,810,353,43.6,715,1050,8805,1.51,7.8,2782,208
spray_and_wait,28,810,244,30.1,712,1100,7409,1.27,7.8,1495,128
spray_and_wait,29,810,355,43.8,622,1008,8080,1.39,8.2,2055,160
spray_and_wait,30,810,336,41.5,795,1047,8659,1.49,7.8,2653,200
rescuenet_full,1,810,1147,100,380,704,31677,3.64,7.9,11630,208
rescuenet_full,2,810,1120,100,329,420,33743,3.89,7.9,13815,184
rescuenet_full,3,810,1164,100,302,352,30319,3.51,8.1,10354,120
rescuenet_full,4,810,1172,100,290,401,32728,3.79,7.8,12825,256
rescuenet_full,5,810,1167,100,324,467,34254,3.92,8,14257,224
rescuenet_full,6,810,1138,100,491,527,31790,3.67,7.9,11858,152
rescuenet_full,7,810,1196,100,366,435,29075,3.34,7.7,9072,216
rescuenet_full,8,810,1164,100,257,377,27259,3.14,8,7351,120
rescuenet_full,9,810,1225,100,254,521,33270,3.86,7.8,13275,152
rescuenet_full,10,810,1166,100,267,337,29353,3.38,7.8,9495,232
rescuenet_full,11,810,1195,100,326,412,29717,3.4,7.8,9765,240
rescuenet_full,12,810,1145,100,246,413,31512,3.62,7.9,11470,128
rescuenet_full,13,810,1180,100,245,616,30609,3.51,7.6,10687,160
rescuenet_full,14,810,1123,100,210,414,29434,3.37,8.1,9466,160
rescuenet_full,15,810,1203,100,215,402,36622,4.23,7.9,16588,120
rescuenet_full,16,810,1192,100,278,529,30463,3.51,8.2,10569,168
rescuenet_full,17,810,1194,100,316,375,32768,3.79,7.7,12730,152
rescuenet_full,18,810,1130,100,402,589,31445,3.62,7.5,11426,168
rescuenet_full,19,810,1138,100,312,563,30820,3.6,8,10893,280
rescuenet_full,20,810,1093,100,349,555,31977,3.68,7.9,12164,168
rescuenet_full,21,810,1237,100,353,443,33827,3.88,8,13824,168
rescuenet_full,22,810,1208,100,431,517,27607,3.18,7.8,7612,440
rescuenet_full,23,810,1194,100,272,408,32540,3.79,7.7,12632,272
rescuenet_full,24,810,1124,100,326,461,30631,3.57,7.8,10700,128
rescuenet_full,25,810,1155,100,264,458,38636,4.48,7.8,18722,224
rescuenet_full,26,810,1145,100,264,460,31609,3.65,7.7,11659,152
rescuenet_full,27,810,1138,100,388,628,36257,4.18,7.8,16376,208
rescuenet_full,28,810,1161,100,287,592,25649,2.95,7.8,5713,128
rescuenet_full,29,810,1190,100,315,700,31390,3.63,8.2,11413,160
rescuenet_full,30,810,1193,100,282,578,37415,4.29,7.8,17391,200